"Session Names","Baseline Mean","Cutting Mean","Suturing Mean"
"Session1",0.0311099701060643,0.0138619756035695,0.01054046842429
