"Session Names","Baseline Mean","Cutting Mean","Suturing Mean"
"Session1",0.00648251020917166,0.00689283123826936,0.00625178411033107
"Session2",0.00562362130119522,0.00630496946868666,0.00718670320328228
