"Session Names","Baseline Mean","Cutting Mean","Suturing Mean"
"Session1",0.007869998695936,0.00655253596773957,0.00748245122954464
"Session2",0.00703204906308971,0.00698332416519078,0.00759509628946287
