"Session Names","Baseline Mean","Cutting Mean","Suturing Mean"
"Session1",0.00547090458477901,0.0059556447605002,0.00659820317879105
