"Frame.","Time","Perspiration"
11,1.33603286743164,0.00636986671922508
17,2.13515424728394,0.00449627337215505
20,2.5372428894043,0.00260748308576711
32,4.13520240783691,0.00164829530085207
36,4.67113208770752,0.00165394255643947
39,5.078049659729,0.0034885893496014
